city,power_cluster,predicted_demand
Ahmedabad,medium,7.71
Bangalore,low,2.11
Bangalore,medium,2.38
Bangalore,very_high,3.88
Chennai,medium,4.46
Delhi,high,2.19
Delhi,low,5.54
Delhi,medium,6.61
Delhi,very_high,3.06
Hyderabad,very_high,2.2
Jaipur,high,3.21
Jaipur,low,1.82
Jaipur,medium,1.82
Kolkata,low,6.64
Kolkata,medium,2.64
Lucknow,high,2.19
Mumbai,low,4.65
Mumbai,very_high,5.02
